Requirement ID,Short Text,Diagram(s),Component(s),Artifact filename(s),Source file(s),Symbol(s),Test file(s),Rationale
FR-1,Play game,UseCaseDiagram,GameComponent,openapi.yaml,services/game/src/component.js;services/game/src/service/gameService.js;services/game/src/domain/game.js;services/game/src/routes/gameRoutes.js,GameComponent;GameService;Game;Game.play();GET /play,tests/game/game.test.js;tests/game/playRoute.test.js,Allows users to play the game
FR-1a,View score,UseCaseDiagram,GameComponent,openapi.yaml,services/game/src/service/gameService.js;services/game/src/domain/game.js,Game.viewScore();GameService.viewScore();GET /api/v1/games/:gameId/score,tests/game/game.test.js,Use case ViewScore from the UseCaseDiagram
FR-1b,View help,UseCaseDiagram,GameComponent,openapi.yaml,services/game/src/service/gameService.js,GameService.viewHelp();GET /api/v1/help,tests/game/playRoute.test.js,Use case ViewHelp from the UseCaseDiagram
FR-1c,Update questions,UseCaseDiagram;SequenceDiagram2,QuestionComponent,openapi.yaml,services/question/src/component.js;services/question/src/service/questionService.js;services/question/src/routes/questionRoutes.js;services/game/src/routes/adminRoutes.js,QuestionComponent;QuestionService.update();PUT /api/v1/questions/:id,;tests/question/question.test.js,Use case UpdateQuestions driven by the Admin actor
FR-2,Game state machine,StateDiagram,GameComponent,,services/game/src/domain/game.js;services/game/src/service/gameService.js,Game.play();Game.pause();Game.resume();Game.gameOver(),tests/game/gameStateMachine.test.js,Enforces Playing/Paused/GameOver exactly as the StateDiagram specifies
FR-3,Prompt then grade sequence,SequenceDiagram1;CollaborationDiagram1,GameComponent;;services/game/src/service/gameService.js;services/game/src/clients/questionClient.js;services/question/src/routes/questionRoutes.js,GameService.getPrompt();GameService.submitAnswer();QuestionComponentClient.checkAnswer();POST /api/v1/questions/:id/check,tests/integration/playFlow.test.js,Implements the getPrompt -> submit -> check -> display loop
FR-4,User authentication and authorization,UseCaseDiagram,UserComponent,,services/user/src/component.js;services/user/src/service/userService.js;services/user/src/domain/user.js;services/user/src/routes/userRoutes.js,UserComponent;UserService.authenticate();User.playGame();User.viewScore();POST /oauth/token,tests/user/user.test.js;tests/user/oauth.test.js,Implements the User and Admin classes and the OAuth2 surface
NFR-1,Performance,SequenceDiagram1,GameComponent,internal.proto,services/game/src/component.js;services/game/src/repository/gameRepository.js;services/question/src/repository/questionRepository.js,GameComponent.readyChecks;GameRepository.findById (Redis read-through);prom-client histograms,tests/game/gameRepository.test.js,Ensures the game responds quickly to user input
NFR-1a,Latency budget instrumentation,SequenceDiagram1,GameComponent,,shared/src/observability/metrics.js,spacefractions_http_request_duration_seconds;config.slo.latencyBudgetMs,tests/shared/metrics.test.js,Dashboard and alerting input for the 250ms budget
NFR-1b,Game state caching,SequenceDiagram1,GameComponent,,shared/src/db/redis.js;services/game/src/repository/gameRepository.js,GAME_STATE_TTL_SECONDS;createCacheAside,;tests/game/gameRepository.test.js,Section D caching strategy: cache game state in Redis
NFR-1c,Question search,DeploymentDiagram,QuestionComponent,,shared/src/search/elasticsearch.js;services/question/src/repository/questionRepository.js,createSearchClient;GET /api/v1/questions/search,tests/question/questionRepository.test.js,Elasticsearch index used for the performance-justified search path
ASR-1,Data durability,DeploymentDiagram,QuestionComponent,sql/question_ddl.sql,services/question/src/repository/questionRepository.js;services/question/src/service/questionService.js;sql/question_ddl.sql,QuestionRepository.insert();QuestionService.seed();QuestionService.durabilityStatus();GET /api/v1/durability,tests/question/durability.test.js,Ensures that question data is persisted and recoverable
ASR-1a,Game state durability,DeploymentDiagram,GameComponent,sql/game_ddl.sql,services/game/src/repository/gameRepository.js;sql/game_ddl.sql,GameRepository.save();GameRepository.findById (PostgreSQL fallback),tests/game/gameRepository.test.js,Game state survives cache loss and process restart
ASR-1b,Replication and backups,DeploymentDiagram,,k8s/spacefractions-deployment.yaml,k8s/spacefractions-deployment.yaml;sql/game_ddl.sql;sql/question_ddl.sql,spacefractions-postgres StatefulSet (replicas=3);spacefractions_standby role,tests/question/durability.test.js,Section E: PostgreSQL replication plus regular backups and data replication
ASR-2,Security,DeploymentDiagram,UserComponent,,shared/src/auth/oauth2.js;services/user/src/domain/user.js;services/user/src/repository/userRepository.js,oauth2.authenticate();User.setPassword();UserRepository.storeRefreshToken,tests/shared/oauth2.test.js;tests/user/oauth.test.js,OAuth2 plus secure password storage and hashed rotating refresh tokens
ASR-2a,TLS and service mesh,DeploymentDiagram,UserComponent,k8s/spacefractions-deployment.yaml,k8s/spacefractions-deployment.yaml,Ingress TLS;istio-injection namespace label,,Section F: TLS for all communication and Istio for traffic management
ASR-2b,Threat model mitigations,DeploymentDiagram,UserComponent,k8s/spacefractions-deployment.yaml,k8s/spacefractions-deployment.yaml;sql/user_ddl.sql,NetworkPolicy default-deny;authz_audit table,tests/shared/oauth2.test.js,Mitigates unauthorized access, data breaches, denial of service, malware and phishing
